{"cameraMode":{"drawMode":0,"name":"Shaded","section":"Shading Mode"},"sceneLighting":false,"audioPlay":false,"sceneViewState":{"m_AlwaysRefresh":false,"showFog":true,"showSkybox":false,"showFlares":true,"showImageEffects":true,"showParticleSystems":true,"showVisualEffectGraphs":true,"m_FxEnabled":true},"in2DMode":false,"pivot":{"x":-22.627422332763673,"y":1.440178394317627,"z":-55.00494384765625},"rotation":{"x":-0.06449908763170243,"y":0.11805855482816696,"z":-0.006392636802047491,"w":-0.9914916753768921},"size":17.128467559814454,"orthographic":false}