{"cameraMode":{"drawMode":0,"name":"Shaded","section":"Shading Mode"},"sceneLighting":false,"audioPlay":false,"sceneViewState":{"m_AlwaysRefresh":false,"showFog":true,"showSkybox":false,"showFlares":true,"showImageEffects":true,"showParticleSystems":true,"showVisualEffectGraphs":true,"m_FxEnabled":true},"in2DMode":false,"pivot":{"x":-3.5699996948242189,"y":3.2900002002716066,"z":8.710000038146973},"rotation":{"x":0.1109805479645729,"y":-0.06322192400693894,"z":0.006123598199337721,"w":0.9923862814903259},"size":14.757074356079102,"orthographic":false}