{"cameraMode":{"drawMode":0,"name":"Shaded","section":"Shading Mode"},"sceneLighting":true,"audioPlay":false,"sceneViewState":{"m_AlwaysRefresh":false,"showFog":true,"showSkybox":true,"showFlares":true,"showImageEffects":true,"showParticleSystems":true,"showVisualEffectGraphs":true,"m_FxEnabled":true},"in2DMode":false,"pivot":{"x":-30.163833618164064,"y":84.63849639892578,"z":664.2987670898438},"rotation":{"x":0.05257893353700638,"y":-0.8808027505874634,"z":0.09792866557836533,"w":0.4615338444709778},"size":13.257741928100586,"orthographic":false}