{"cameraMode":{"drawMode":0,"name":"Shaded","section":"Shading Mode"},"sceneLighting":false,"audioPlay":false,"sceneViewState":{"m_AlwaysRefresh":false,"showFog":true,"showSkybox":false,"showFlares":true,"showImageEffects":true,"showParticleSystems":true,"showVisualEffectGraphs":true,"m_FxEnabled":true},"in2DMode":false,"pivot":{"x":-0.04637579247355461,"y":1.340009331703186,"z":0.8019976019859314},"rotation":{"x":-0.012606562115252018,"y":-0.9590299129486084,"z":0.28132638335227969,"w":-0.045325346291065219},"size":7.920912742614746,"orthographic":false}