{"cameraMode":{"drawMode":0,"name":"Shaded","section":"Shading Mode"},"sceneLighting":false,"audioPlay":false,"sceneViewState":{"m_AlwaysRefresh":false,"showFog":true,"showSkybox":false,"showFlares":true,"showImageEffects":true,"showParticleSystems":true,"showVisualEffectGraphs":true,"m_FxEnabled":true},"in2DMode":false,"pivot":{"x":0.1606048196554184,"y":0.9100072979927063,"z":0.11090791970491409},"rotation":{"x":0.07404523342847824,"y":-0.9218235611915588,"z":0.22174660861492158,"w":0.31127992272377016},"size":7.343400955200195,"orthographic":false}