{"cameraMode":{"drawMode":0,"name":"Shaded","section":"Shading Mode"},"sceneLighting":false,"audioPlay":false,"sceneViewState":{"m_AlwaysRefresh":false,"showFog":true,"showSkybox":false,"showFlares":true,"showImageEffects":true,"showParticleSystems":true,"showVisualEffectGraphs":true,"m_FxEnabled":true},"in2DMode":false,"pivot":{"x":-0.015017032623291016,"y":0.15260958671569825,"z":-0.07912635803222656},"rotation":{"x":0.17026838660240174,"y":0.3988174796104431,"z":-0.07688199728727341,"w":0.8984568119049072},"size":22.64496612548828,"orthographic":false}