{"cameraMode":{"drawMode":0,"name":"Shaded","section":"Shading Mode"},"sceneLighting":false,"audioPlay":false,"sceneViewState":{"m_AlwaysRefresh":false,"showFog":true,"showSkybox":false,"showFlares":true,"showImageEffects":true,"showParticleSystems":true,"showVisualEffectGraphs":true,"m_FxEnabled":true},"in2DMode":false,"pivot":{"x":28.808652877807618,"y":-6.630588531494141,"z":17.961990356445314},"rotation":{"x":-0.21023151278495789,"y":0.28210681676864626,"z":-0.06191307678818703,"w":-0.9346771836280823},"size":20.405075073242189,"orthographic":false}