{"cameraMode":{"drawMode":0,"name":"Shaded","section":"Shading Mode"},"sceneLighting":false,"audioPlay":false,"sceneViewState":{"m_AlwaysRefresh":false,"showFog":true,"showSkybox":false,"showFlares":true,"showImageEffects":true,"showParticleSystems":true,"showVisualEffectGraphs":true,"m_FxEnabled":true},"in2DMode":false,"pivot":{"x":-2.0096120834350588,"y":7.908034801483154,"z":-0.019488215446472169},"rotation":{"x":-0.17379508912563325,"y":0.7026075720787048,"z":-0.1814327836036682,"w":-0.6666244268417358},"size":0.5033551454544067,"orthographic":false}